G2,G3,Index,M2,mb,mc,Order,s0,ThetaDeg,Threshold
0.3430590564874519,0.4991895134968337,1.,7.023289145938493,4.202596509554452,1.2708785700080751,pert,54.85453232668432,43.13287153768576,29.95892944659201
0.3933153350207257,0.7207396809057208,2.,8.969985995088608,4.182625406017064,1.269173266818897,pert,53.434090243126676,43.37781279826843,29.72210876913595
0.5002244874141637,0.43310443715001756,3.,8.839120324728258,4.177541031215505,1.2853891667481983,pert,53.84767044579423,43.30130551552976,29.843606347823737
0.3419793901238937,0.7383244856792547,4.,8.392317865720695,4.209237418699979,1.2735177062477814,pert,54.503732467717086,43.34770802995021,30.060603760140925
0.5761937333264388,0.34121223844302867,5.,7.942523298897367,4.174092953610179,1.2753096503047467,pert,53.61999899459485,43.20429843612329,29.695988739554778
0.38265736872650197,0.7900392120667405,6.,7.816300996479921,4.196908139250811,1.2586547212057149,pert,54.35735232771115,43.35153657414156,29.763166124392594
0.5216840819195447,0.46785589490149704,7.,8.315758775837955,4.201362252100114,1.2503127182826603,pert,54.533953917366915,43.51864552010285,29.720759982698016
0.5104385872970048,0.6372882344114473,8.,8.693686461620356,4.186360090492635,1.2510210517464038,pert,53.78093209572873,43.50945572403037,29.565113685976712
0.600344954826412,0.3501228551516758,9.,7.453988510711984,4.2062848499195615,1.2650628918597908,pert,54.97267584128641,43.28239518891862,29.935646111474018
0.6019020593036063,0.4193689094161058,10.,7.402446358723907,4.198880013696997,1.2559861184735766,pert,53.09494031890677,43.144382290296,29.755564519901558
0.5116890946416812,0.7566948216330358,11.,8.966367462201813,4.1918408034978585,1.254860125335032,pert,53.464623947910454,43.47135862116385,29.66655100814907
0.42655739345522314,0.6914249263536423,12.,7.913466099001216,4.155185458484263,1.2899953926944798,pert,54.12786061369501,43.179242330990135,29.64999450204366
0.49642386650198084,0.5731583128691312,13.,7.776543635997067,4.208311824503127,1.2664876880010534,pert,53.93823790971827,43.223487461255864,29.97342970211601
0.5955657098519332,0.5329827653717782,14.,8.837086309328537,4.2081645374373675,1.2851758645659823,pert,53.24523040637896,43.17175830695158,30.176788772282322
0.3351687267186247,0.3758482628892899,15.,7.259434749163248,4.178413341969093,1.273139898270675,pert,53.70740891955182,43.08622581125534,29.719432731168716
0.578501488012305,0.8258425740253676,16.,8.392977629260134,4.17664459612204,1.2830402201334374,pert,53.9573636107058,43.26354754744949,29.80815829285061
0.3633737366981691,0.34443644390613176,17.,8.894680161850182,4.152709596822724,1.282387265566376,pert,54.00344416710912,43.39501246624839,29.540277903551843
0.5389689836008583,0.8230691847053311,18.,7.209679884086522,4.193127953765757,1.2871968710472934,pert,54.69696258121919,43.05860040983538,30.033960185462192
0.590712405241322,0.4636748312633865,19.,7.524944291453604,4.18114808162879,1.2604306658768543,pert,53.723136675218676,43.23215087007782,29.6107792653051
0.6219961696116304,0.6820488373970486,20.,8.094264736971285,4.159308936656496,1.2837885434854357,pert,53.621668898416296,43.192424244949855,29.627310178327445
0.39230040077387973,0.8095671683351611,21.,7.600162933899538,4.174852946448541,1.2631712082113418,pert,54.81791372818497,43.356065392024036,29.57210670666434
0.5741278748343375,0.34155637231698094,22.,7.268706050683056,4.206186139594641,1.279729891895268,pert,53.46765585595047,42.97832262163875,30.09527470455799
0.4971381291689,0.6109823143199735,23.,8.206050029267258,4.1997274203557975,1.2752543380687207,pert,54.7087202031476,43.34169596512116,29.97542525508123
0.5134022283146356,0.2870990400114258,24.,7.619652872773356,4.1599535084911645,1.258784770613451,pert,54.4822215286265,43.37741978826457,29.362724537433646
0.6015063827190145,0.3519555686154143,25.,8.023392683203085,4.150417274459215,1.272880603245484,pert,54.71612845973979,43.401057238685915,29.4121598703163
0.5816130229950841,0.3751904919582987,26.,8.187340564415388,4.1907177723444216,1.2815501982056443,pert,54.40329035983438,43.27060437091781,29.945716741508136
0.3817204333818522,0.49527276378111124,27.,8.658874726625655,4.206290640807868,1.25608313871214,pert,53.82917707392739,43.439356887658874,29.8375273071877
0.40337497403217415,0.3545971939828261,28.,7.562255103133638,4.169718738288618,1.2635492772736217,pert,54.831217179794464,43.353581497800725,29.520401328931637
0.3628498881793348,0.7826530478984682,29.,8.993963012454058,4.175482844226359,1.2826037063782731,pert,53.16823280128827,43.25755754216034,29.79070879389117
0.6096541397414009,0.6003697965995678,30.,8.168939826415372,4.20248332975011,1.2529272140854788,pert,53.00206185066093,43.28798710850381,29.761504201792512
0.5374429031545976,0.2970419058207277,31.,8.018824688601782,4.176484956085968,1.2890376472930596,pert,54.96477086203353,43.271114754293016,29.871937328047064
0.5681497328751338,0.5768399701396216,32.,8.05588089861119,4.205285039960075,1.2705012741624178,pert,54.44777889338941,43.30974842081231,29.984235757931195
0.4216487848730338,0.6816945223324025,33.,8.870775390486171,4.187847007405459,1.2644171390665462,pert,53.13141605132201,43.34996895394439,29.727184322904108
0.3949965813402174,0.8121841611646348,34.,8.530826473895115,4.209675771931279,1.2877149959177439,pert,53.1060085666587,43.08932538543566,30.22130525443167
0.4291043092335391,0.42541025060718374,35.,8.21594639022379,4.209403853347473,1.2629413399958067,pert,54.720881930804154,43.41878936184874,29.9465619151073
0.46105856899861136,0.31044596651363904,36.,8.775393776917614,4.199680369644866,1.2898104662014207,pert,53.35482919236752,43.15740817266384,30.13450963684036
0.43709275624158356,0.43350073753130963,37.,8.87152518700432,4.190160062516263,1.2784691722199215,pert,53.69975546285589,43.316747520067686,29.905905707011264
0.5853648300710753,0.5395533825216303,38.,7.870801348673444,4.157601771457162,1.2748750199838594,pert,53.46288563323874,43.20040153269073,29.511804089545336
0.6309103192353163,0.579274171065327,39.,8.332210851731656,4.201395777930017,1.2821812273449857,pert,53.02786578081792,43.103962394702286,30.06961677278077
0.31921544078830477,0.3963062112657035,40.,7.626656891794706,4.205386625435943,1.2824853120321489,pert,54.45413815286078,43.14105204229078,30.116738402049787
0.5144521918888625,0.45363266913395467,41.,7.206886775519498,4.17407251072866,1.2610331933681707,pert,53.9588037476499,43.19323935774524,29.540374014705904
0.45328560690142417,0.396537300344288,42.,7.89526566352607,4.1906596178580795,1.2700509655439636,pert,54.241942664194305,43.281145976890436,29.81936007567908
0.4842537490771385,0.732673463996135,43.,7.032894714954266,4.170323233176512,1.288524151073864,pert,54.452072473904664,43.01055945328867,29.799014764537173
0.5987281718301206,0.5171376590769633,44.,8.092450237987535,4.156162754380741,1.2543405314725153,pert,54.999254186452006,43.5725389081088,29.27354580622888
0.5258357520660608,0.7567891035437392,45.,8.655687152283557,4.155849776845392,1.256520693879357,pert,54.562344539645984,43.612440779297245,29.293754112373243
0.5438946226404692,0.7686013758868575,46.,8.39870314326174,4.179497886752376,1.2691697423582116,pert,53.9999597530738,43.36713224932991,29.687978932517595
0.4231239523606964,0.7455045913885849,47.,8.141912915460857,4.168758973746188,1.2622622027750015,pert,54.821340263070944,43.485147625697024,29.49599101982161
0.4032659638289502,0.6552163633704191,48.,8.084570258869505,4.162421646379547,1.257668745781348,pert,54.65929285489598,43.49860374400437,29.377379859194853
0.49170732815900786,0.6864433523284517,49.,7.24000127659696,4.151324809600864,1.274609071746087,pert,53.03174430849446,43.034181962227244,29.440758484748795
0.38390116714332256,0.486781041088105,50.,7.948034163073805,4.18029224166403,1.268328309524718,pert,54.106463548650375,43.30373890976816,29.687465910836377
